{
    "417": {
        "start_index": {
            "image": 960,
            "pointcloud": 104,
            "mocap": 422
        },
        "box": {
            "min": [
                0.11687,
                -300.785
            ],
            "max": [
                3000.576,
                400.496
            ]
        },
        "lidar_to_mocap_RT": [
4.40175603e-03,
-9.99870812e-01,
1.54548892e-02,
1.00566114e+01,
9.13836187e-01,
1.02977889e-02,
4.05952520e-01,
-1.75355832e+01,
-4.06059265e-01,
1.23363361e-02,
9.13763463e-01,
3.47119153e+00,
0.00000000e+00,
0.00000000e+00,
0.00000000e+00,
1.00000000e+00
        ],
        "end_index": -1
    }
}
