{
    "5": {
        "start_index": {
            "image": 960,
            "pointcloud": 100,
            "mocap": 937
        },
        "box": {
            "min": [
                0.11687,
                -300.785
            ],
            "max": [
                3000.576,
                400.496
            ]
        },
        "lidar_to_mocap_RT": [
            -0.318908601999,
            -0.947785496712,
            0.0,
            24.368730545044,
            0.947785496712,
            -0.318908601999,
            0.0,
            -55.931457519531,
            0.0,
            0.0,
            1.0,
            0.0,
            0.0,
            0.0,
            0.0,
            1.0
        ],
        "end_index": -1
    }
}
